Company_Name,Category,Address,Url
The Fitness House,Gym,"Adjacent to City Ford, 3rd Mile, Dimapur, Nagaland 797115, India",https://www.google.co.kr/maps/place/The+Fitness+House/data=!4m5!3m4!1s0x37460903b3e2865f:0x31365b99df465339!8m2!3d25.8858969!4d93.7598572?authuser=0&hl=en&rclk=1
Orentsani Aesthetic Fitness,Gym,"H/N 55 1st Floor, opposite Stepping Stones School, Duncan Basti, Dimapur, Nagaland 797112, India",https://www.google.co.kr/maps/place/Orentsani+Aesthetic+Fitness/data=!4m5!3m4!1s0x3745e178a1404b77:0x2d23f97e03eaeef6!8m2!3d25.9101566!4d93.7020878?authuser=0&hl=en&rclk=1
Gologhat Road Saloon,Gym,"opposite Hotel Galaxy, Golaghat Rd, near Blue Hill station, Dimapur, Nagaland, India",https://www.google.co.kr/maps/place/Gologhat+Road+Saloon/data=!4m5!3m4!1s0x3745e19f36a52c9f:0x409a487d7d811d1e!8m2!3d25.9110957!4d93.727259?authuser=0&hl=en&rclk=1
Bodycraft Gym,Gymnastics club,"Churches Colony, Notun Bosti, Dimapur, Nagaland 797112, India",https://www.google.co.kr/maps/place/Bodycraft+Gym/data=!4m5!3m4!1s0x3745e191a68b1923:0xacb29d5c12162fba!8m2!3d25.9138565!4d93.7163914?authuser=0&hl=en&rclk=1
City Fitness Gym,Fitness center,"2nd floor, Amway office, Khermahal, Dimapur, Nagaland 797112, India",https://www.google.co.kr/maps/place/City+Fitness+Gym/data=!4m5!3m4!1s0x3745e11bf9d075ab:0x5046501df3a955d9!8m2!3d25.9141225!4d93.7242496?authuser=0&hl=en&rclk=1
Hardcore Fitness Gym,Gym,"Duncan Bosti, Dimapur, Nagaland 797112, India",https://www.google.co.kr/maps/place/Hardcore+Fitness+Gym/data=!4m5!3m4!1s0x3745e18359e40275:0x12430a082a484a9c!8m2!3d25.9106656!4d93.707759?authuser=0&hl=en&rclk=1
Flex Appeal Gym,Gym,"near Belho Gas Agency, Mohankhola, Kohima, Nagaland 797005, India",https://www.google.co.kr/maps/place/Flex+Appeal+Gym/data=!4m5!3m4!1s0x374621b2bb6a4d69:0x19cc2b642fa96ef!8m2!3d25.6538814!4d94.0994883?authuser=0&hl=en&rclk=1
The Power House Gym,Gym,"SH 36, Signal Bosti, Dimapur, Nagaland 797112, India",https://www.google.co.kr/maps/place/The+Power+House+Gym/data=!4m5!3m4!1s0x3745e2225c4a0fe9:0x643040de3f173175!8m2!3d25.8925071!4d93.7210433?authuser=0&hl=en&rclk=1
CITY MULTI GYM,Gym,"Zhimomi Apartments, Kalibari Rd, near DMC office, West Yard Colony, Marwari Patti, Dimapur, Nagaland 797112, India",https://www.google.co.kr/maps/place/CITY+MULTI+GYM/data=!4m5!3m4!1s0x3745e12f6663adf5:0x99bf1bfec750eb7!8m2!3d25.9043424!4d93.7260956?authuser=0&hl=en&rclk=1
Ciekhan Fitness,Gym,"Kezieke, Kohima, Nagaland 797001, India",https://www.google.co.kr/maps/place/Ciekhan+Fitness/data=!4m5!3m4!1s0x3746213bfc931363:0x8c3ca3388ef7787f!8m2!3d25.6770476!4d94.109343?authuser=0&hl=en&rclk=1
Borlengri Fitness Centre,Fitness center,"MB Rd, Borolengri, Dimapur, Nagaland 782480, India",https://www.google.co.kr/maps/place/Borlengri+Fitness+Centre/data=!4m5!3m4!1s0x3745e1c92ce49f13:0x4c1a24669c790450!8m2!3d25.9201717!4d93.7072591?authuser=0&hl=en&rclk=1
Smart Life Gym,Gym,"AH2, Oriental Colony, Dimapur, Nagaland 797113, India",https://www.google.co.kr/maps/place/Smart+Life+Gym/data=!4m5!3m4!1s0x3745e178a92df9fb:0x831c75bfe346cc32!8m2!3d25.9061426!4d93.7026005?authuser=0&hl=en&rclk=1
Chisel bodywork gym,Gym,"V.K. Complex basement, Jail Colony, Kohima, Nagaland 797005, India",https://www.google.co.kr/maps/place/Chisel+bodywork+gym/data=!4m5!3m4!1s0x3746219930e15f27:0x91c61888262fbfe7!8m2!3d25.6570614!4d94.0958155?authuser=0&hl=en&rclk=1
Anytime Fitness Dimapur,Gym,"ADC Court Junction, 411, Ours Complex, Dobhinalla Rd, Dimapur, Nagaland 797112, India",https://www.google.co.kr/maps/place/Anytime+Fitness+Dimapur/data=!4m5!3m4!1s0x3746087fefc0d22b:0xdfb6985647633eb4!8m2!3d25.9061507!4d93.7026776?authuser=0&hl=en&rclk=1
Cultivator Gym,Fitness center,"WP3G+C6P, West Yard Colony, Railway Colony, Dimapur, Nagaland 797112, India",https://www.google.co.kr/maps/place/Cultivator+Gym/data=!4m5!3m4!1s0x3745e1f48b2ade05:0xd2d9c891fe727e4a!8m2!3d25.9035772!4d93.7255712?authuser=0&hl=en&rclk=1
Urban Gym,Gym,"Dimapur,, Veterinary Colony, Dimapur, Nagaland 797112, India",https://www.google.co.kr/maps/place/Urban+Gym/data=!4m5!3m4!1s0x3745e1ee50e32a33:0xe79fb46e852abf53!8m2!3d25.9132455!4d93.7301309?authuser=0&hl=en&rclk=1
Niathu Fitness Centre,Fitness center,"Dimapur, Nagaland 797115, India",https://www.google.co.kr/maps/place/Niathu+Fitness+Centre/data=!4m5!3m4!1s0x37460930d65e11c7:0x18cfbe47e27f0a04!8m2!3d25.8243894!4d93.7830107?authuser=0&hl=en&rclk=1
The Home Gym,Gym,"Kuda Village, Half Nagarjan, Dimapur, Nagaland 797112, India",https://www.google.co.kr/maps/place/The+Home+Gym/data=!4m5!3m4!1s0x3745e361e304b165:0x7318b8b40ac002b!8m2!3d25.8923243!4d93.7347182?authuser=0&hl=en&rclk=1
Fitness First Gym,Gym,"WP55+4F3, Landmark Colony, Dimapur, Nagaland 797113, India",https://www.google.co.kr/maps/place/Fitness+First+Gym/data=!4m5!3m4!1s0x3745e1e79aa0633b:0x1039e63923e2be7c!8m2!3d25.907753!4d93.7086575?authuser=0&hl=en&rclk=1
Imsumeren,Gym,"VQ97+5MR, Diphupar, 4th Mile, Dimapur, Nagaland 797115, India",https://www.google.co.kr/maps/place/Imsumeren/data=!4m5!3m4!1s0x374609b8a8b5e55d:0x65ace849928e32ce!8m2!3d25.8679754!4d93.7641256?authuser=0&hl=en&rclk=1
City Gymn,Gym,"VQJ6+9RR, 3rd Mile, Dimapur, Nagaland 797115, India",https://www.google.co.kr/maps/place/City+Gymn/data=!4m5!3m4!1s0x374609ec9b17a30b:0xfa18127e7cee6601!8m2!3d25.880991!4d93.762008?authuser=0&hl=en&rclk=1
The Combat Academy,Gym,"4th Mile, Dimapur, Nagaland 797115, India",https://www.google.co.kr/maps/place/The+Combat+Academy/data=!4m5!3m4!1s0x374609b9d0912809:0x2cb8f98ddafd4579!8m2!3d25.8631331!4d93.766951?authuser=0&hl=en&rclk=1
Aesthetic Fitness Center,Gym,"NH29, Chumukeidma, Dimapur, Nagaland 797103, India",https://www.google.co.kr/maps/place/Aesthetic+Fitness+Center/data=!4m5!3m4!1s0x37460886e459923d:0xcbb7a5378f0f0b99!8m2!3d25.8109772!4d93.7871222?authuser=0&hl=en&rclk=1
The Yoga Studio,Fitness center,"Dmc complex, Kalibari Rd, opp. Gurudwara, Dimapur, Nagaland 797112, India",https://www.google.co.kr/maps/place/The+Yoga+Studio/data=!4m5!3m4!1s0x3745e1ae94ba4e01:0x82880e8f36e1e491!8m2!3d25.9048645!4d93.7251367?authuser=0&hl=en&rclk=1
Zumu Gym,Gymnastics club,"Neituo Rd, Lhisemia Khel, Kohima, Nagaland 797003, India",https://www.google.co.kr/maps/place/Zumu+Gym/data=!4m5!3m4!1s0x374621761bc84b33:0xd8d21d49ea760050!8m2!3d25.6830953!4d94.1108944?authuser=0&hl=en&rclk=1
BodyPower Gym,Gymnastics club,"RQWC+GWP, Sugar Mill Colony, Dimapur, Nagaland 797115, India",https://www.google.co.kr/maps/place/BodyPower+Gym/data=!4m5!3m4!1s0x37460928f78bdee3:0x87db6df858617bbe!8m2!3d25.8463408!4d93.7723163?authuser=0&hl=en&rclk=1
Capital Gym,Gym,"NH2, Midland Colony, Kohima, Nagaland 797001, India",https://www.google.co.kr/maps/place/Capital+Gym/data=!4m5!3m4!1s0x374621c72497bc8d:0x1b3b22cdf4d792f0!8m2!3d25.667006!4d94.1037475?authuser=0&hl=en&rclk=1
PAWF CENTER,Fitness center,"Opposite to Diphupar Police Station, Diphupar, 4th Mile, Dimapur, Nagaland 797115, India",https://www.google.co.kr/maps/place/PAWF+CENTER/data=!4m5!3m4!1s0x374609cac8c58ff3:0xcea4e438f0a1c15!8m2!3d25.8713245!4d93.7657257?authuser=0&hl=en&rclk=1
F.E.A.R Fitness Center,Gym,"NH29, Chumukeidma, Dimapur, Nagaland 797103, India",https://www.google.co.kr/maps/place/F.E.A.R+Fitness+Center/data=!4m5!3m4!1s0x374609d6784ea4ad:0xbf1bbd121b7a89a3!8m2!3d25.8109546!4d93.7871393?authuser=0&hl=en&rclk=1
Fitness Centre,Gym,"National Institute of Technology, Dimapur, Nagaland, India",https://www.google.co.kr/maps/place/Fitness+Centre/data=!4m5!3m4!1s0x374607c5bd543a17:0x4ee0d53bb732a367!8m2!3d25.7879075!4d93.772704?authuser=0&hl=en&rclk=1
Spartan Gym Kohima,Gym,"Unnamed Road, Kohima, Nagaland 797003, India",https://www.google.co.kr/maps/place/Spartan+Gym+Kohima/data=!4m5!3m4!1s0x374621aeefb3ff8b:0x76e4a5c596edb0f1!8m2!3d25.6759053!4d94.1199996?authuser=0&hl=en&rclk=1
City Gymn,Gym,"Naga Colony, Burma Camp, Dimapur, Nagaland 797112, India",https://www.google.co.kr/maps/place/City+Gymn/data=!4m5!3m4!1s0x3745e105e2a04f01:0xbb0da6a2d2e4a732!8m2!3d25.9199409!4d93.7344593?authuser=0&hl=en&rclk=1
Star Gym,Gym,"NH39, B.O.C, P.R. Hill, Kohima, Nagaland 797005, India",https://www.google.co.kr/maps/place/Star+Gym/data=!4m5!3m4!1s0x374621b266bab93d:0x64582dca1991dbc4!8m2!3d25.6562718!4d94.099131?authuser=0&hl=en&rclk=1
Amplified Fitness Academy,Fitness center,"D'khel seikhazou, Kohima, Nagaland 797001, India",https://www.google.co.kr/maps/place/Amplified+Fitness+Academy/data=!4m5!3m4!1s0x374621fa86ab3df3:0xb7296b712ead5cb0!8m2!3d25.6713892!4d94.1177989?authuser=0&hl=en&rclk=1
Spartan Gym,Gym,"Unnamed Road, Kohima, Nagaland 797003, India",https://www.google.co.kr/maps/place/Spartan+Gym/data=!4m5!3m4!1s0x3746217cdd9786f1:0x7bba7136c92a6fcf!8m2!3d25.6759154!4d94.1200967?authuser=0&hl=en&rclk=1
Titan Fitness GYM,Gym,"797001, P.R. Hill, Kohima, Nagaland 797005, India",https://www.google.co.kr/maps/place/Titan+Fitness+GYM/data=!4m5!3m4!1s0x37462116dbaa2613:0xf1694b4fab237a9a!8m2!3d25.6601446!4d94.0999523?authuser=0&hl=en&rclk=1
Dumbbells And scissors Gyms,Gym,"near Petrol Pump, Sub Jail Jn, Oriental Colony, Dimapur, Nagaland 797113, India",https://www.google.co.kr/maps/place/Dumbbells+And+scissors+Gyms/data=!4m5!3m4!1s0x3745e1a9a8284991:0xd42c58fa81acfa67!8m2!3d25.9025249!4d93.699564?authuser=0&hl=en&rclk=1
Sculpt nation,Gym,"VPRC+9MJ, Thahekhu Village, Dimapur, Nagaland 797112, India",https://www.google.co.kr/maps/place/Sculpt+nation/data=!4m5!3m4!1s0x3745e3b3a26a951f:0x1eacc4d28abfe511!8m2!3d25.8909556!4d93.7216398?authuser=0&hl=en&rclk=1
Nagaland Pencak Silat Association,Gym,"37, near Lhomithi Baptist Church, Y.Zhimo colony, Signal Bosti, Dimapur, Nagaland 797113, India",https://www.google.co.kr/maps/place/Nagaland+Pencak+Silat+Association/data=!4m5!3m4!1s0x3745e34c37313b97:0x54a4e9779ae0dc71!8m2!3d25.8946184!4d93.7145262?authuser=0&hl=en&rclk=1
FITNESS ARENA GYM,Gym,"Lane 3, High School Colony, Purana Bazar, Dimapur, Nagaland 797112, India",https://www.google.co.kr/maps/place/FITNESS+ARENA+GYM/data=!4m5!3m4!1s0x37460b7c944b4f93:0xb7cc2ac344efdf38!8m2!3d25.9064666!4d93.7585118?authuser=0&hl=en&rclk=1
FITNESS ARENA GYM,Gym,"High School Colony, Lane 3, Purana Bazar, Dimapur, Nagaland 797112, India",https://www.google.co.kr/maps/place/FITNESS+ARENA+GYM/data=!4m5!3m4!1s0x37460b7bfe282535:0x9e60cf6a96920622!8m2!3d25.9158193!4d93.7515723?authuser=0&hl=en&rclk=1
Fitness Studio,Gym,"8GGC+4W3, Alongmen Ward, Tongdentsuyong Ward, Mokokchung, Nagaland 798601, India",https://www.google.co.kr/maps/place/Fitness+Studio/data=!4m5!3m4!1s0x3747a8355c4c4803:0x55acf2374a4b7b8a!8m2!3d26.325266!4d94.522306?authuser=0&hl=en&rclk=1
Universal Gym,Gym,"WP39+MWM, Zeliangrong Village, Dimapur, Nagaland 797113, India",https://www.google.co.kr/maps/place/Universal+Gym/data=!4m5!3m4!1s0x3745e1c6c4b790c3:0x6a1ee6ad234a7119!8m2!3d25.9042048!4d93.719804?authuser=0&hl=en&rclk=1
Ke2 Hill Fitness Center,Gym,"Kohima Science College Rd, Kohima Vill, Nagaland 797002, India",https://www.google.co.kr/maps/place/Ke2+Hill+Fitness+Center/data=!4m5!3m4!1s0x374621136a2a9deb:0xe6420d729a1e8a21!8m2!3d25.6650452!4d94.0749652?authuser=0&hl=en&rclk=1
The Squad (GYM),Fitness center,"Industrial Estate, Razphie Village, Industrial Estate Colony, Dimapur, Nagaland 797113, India",https://www.google.co.kr/maps/place/The+Squad+(GYM)/data=!4m5!3m4!1s0x3745e136f7c0a2e5:0xcf41d41a80fdda51!8m2!3d25.9023736!4d93.6981292?authuser=0&hl=en&rclk=1
Kanai,Gym,"979112, Bank Colony, Police Colony, Dimapur, Nagaland 797112, India",https://www.google.co.kr/maps/place/Kanai/data=!4m5!3m4!1s0x3745e13dd8b8395f:0xeb5cd87318e269a!8m2!3d25.9102778!4d93.7330286?authuser=0&hl=en&rclk=1
Gym equipment repairing service,Fitness center,"City Tower, near Bajaj showroom, N.S.T. Colony, Dimapur, Nagaland 797112, India",https://www.google.co.kr/maps/place/Gym+equipment+repairing+service/data=!4m5!3m4!1s0x3745e18380b14e45:0xf3ce4ee6dcb809e!8m2!3d25.9114986!4d93.7204643?authuser=0&hl=en&rclk=1
MKG GYM,Gym,"Mokokchung, Kumlong, Mokokchung, Nagaland 798601, India",https://www.google.co.kr/maps/place/MKG+GYM/data=!4m5!3m4!1s0x3747a9b81e2cf933:0x2e5b3ad20d77b5e5!8m2!3d26.323785!4d94.5108573?authuser=0&hl=en&rclk=1
Kapfo Gym,Gym,"H7CW+36G, Pfutsero, Nagaland 797107, India",https://www.google.co.kr/maps/place/Kapfo+Gym/data=!4m5!3m4!1s0x3748834de40012d9:0x254ea250759af8f4!8m2!3d25.5701934!4d94.2955654?authuser=0&hl=en&rclk=1
daue home gym,Fitness center,"Tamlu, Nagaland 798613, India",https://www.google.co.kr/maps/place/daue+home+gym/data=!4m5!3m4!1s0x37476bd60f8c5a67:0xf88c5387a9d2906b!8m2!3d26.670784!4d94.7338388?authuser=0&hl=en&rclk=1
"Indoor Stadium, Tamlu, Nagaland, India",Gym,"Indoor Stadium, Tamlu, Nagaland, India","https://www.google.co.kr/maps/place/Indoor+Stadium,+Tamlu,+Nagaland,+India/data=!4m5!3m4!1s0x37476bb83e3e1c6d:0xc31d6d0498f73cc6!8m2!3d26.672874!4d94.7450719?authuser=0&hl=en&rclk=1"
Apong,Gym,"Nagarjan Dhansari Bridge, Mao Colony, Full Nagarjan, Dimapur, Nagaland 797112, India",https://www.google.co.kr/maps/place/Apong/data=!4m5!3m4!1s0x3745e39f5e490dbb:0x586f6ce4c468e927!8m2!3d25.8863464!4d93.7355341?authuser=0&hl=en&rclk=1
Olympic Dealers,Gym,"Village, Tuensang, Nagaland 798612, India",https://www.google.co.kr/maps/place/Olympic+Dealers/data=!4m5!3m4!1s0x37479b3e22b75dab:0x845cbb82bc1fda77!8m2!3d26.2376703!4d94.8134031?authuser=0&hl=en&rclk=1
Local Ground,Gym,"37V2+HQ9, Wokha, Nagaland 797111, India",https://www.google.co.kr/maps/place/Local+Ground/data=!4m5!3m4!1s0x37464f40f7698157:0x5da6b9a8d10469d2!8m2!3d26.0939235!4d94.2519809?authuser=0&hl=en&rclk=1
Anabolic Nation,Gym,"WP74+GCV, Duncan Basti, Dimapur, Nagaland 797113, India",https://www.google.co.kr/maps/place/Anabolic+Nation/data=!4m5!3m4!1s0x3745e16058b2f005:0x140387cf47f2c30!8m2!3d25.913874!4d93.7060431?authuser=0&hl=en&rclk=1
KSCJ Basketball court,Gym,"M37G+GRQ, Kohima, Nagaland 797002, India",https://www.google.co.kr/maps/place/KSCJ+Basketball+court/data=!4m5!3m4!1s0x374621d08acc607f:0x727169179d68508a!8m2!3d25.6638279!4d94.0771068?authuser=0&hl=en&rclk=1
Multipurpose Stadium,Gym,"8FVQ+PR8, Khensa, Nagaland 798617, India",https://www.google.co.kr/maps/place/Multipurpose+Stadium/data=!4m5!3m4!1s0x3747a9fcba8e42af:0x57b7944662c55257!8m2!3d26.3442849!4d94.4895783?authuser=0&hl=en&rclk=1
(Beits Badminton Stadium),Gym,"M3RV+9CV, High School Colony, Kohima, Nagaland 797004, India",https://www.google.co.kr/maps/place/(Beits+Badminton+Stadium)/data=!4m5!3m4!1s0x3746218db41023eb:0xdbd390f335520eb4!8m2!3d25.6909854!4d94.0935485?authuser=0&hl=en&rclk=1
Amplified Gym,Boxing gym,"M4C9+R3W, D.khel, Kohima, Nagaland 797003, India",https://www.google.co.kr/maps/place/Amplified+Gym/data=!4m5!3m4!1s0x374621e15aca9843:0xb84857eaa8dcde46!8m2!3d25.6721069!4d94.1177152?authuser=0&hl=en&rclk=1
The gym mokokchung,Gym,"NH2, Sungkomen, Mokokchung Village, Nagaland 798601, India",https://www.google.co.kr/maps/place/The+gym+mokokchung/data=!4m5!3m4!1s0x3747a9df967ac3fb:0x34ce4880d8cd6ceb!8m2!3d26.3304371!4d94.5304013?authuser=0&hl=en&rclk=1
T.Khel Indoor Stadium,Gym,"M4H8+XHH, Tsiituonuomia Khel, Nagaland 797003, India",https://www.google.co.kr/maps/place/T.Khel+Indoor+Stadium/data=!4m5!3m4!1s0x374621736aaaaaab:0x3672b9847e69c143!8m2!3d25.6799411!4d94.1164703?authuser=0&hl=en&rclk=1
SUTHOZUMI FOOTBALL GROUND,Gym,"Chakabama-Mokokchung Rd, Nagaland 797104, India",https://www.google.co.kr/maps/place/SUTHOZUMI+FOOTBALL+GROUND/data=!4m5!3m4!1s0x37462d41c5370341:0x92e01cac3ddf4b36!8m2!3d25.7612042!4d94.365949?authuser=0&hl=en&rclk=1
Rangapahar Officers Gym,Gym,"VMFX+QQ3, Nagaland 782480, India",https://www.google.co.kr/maps/place/Rangapahar+Officers+Gym/data=!4m5!3m4!1s0x3745e3b5bc031bbf:0x9bfc685014afc797!8m2!3d25.8743802!4d93.6994234?authuser=0&hl=en&rclk=1
Ponens Castle,Gym,"8GC5+5G8, Mongsenbai, Mokokchung, Nagaland 798601, India",https://www.google.co.kr/maps/place/Ponens+Castle/data=!4m5!3m4!1s0x3747a9b99990d5af:0xc8dc219472cbeee!8m2!3d26.3204079!4d94.5088426?authuser=0&hl=en&rclk=1
Meluri Local Ground,Gym,"Kohima - Meluri Rd, Meluri, Nagaland 797114, India",https://www.google.co.kr/maps/place/Meluri+Local+Ground/data=!4m5!3m4!1s0x3747d96092820c0f:0xdc3fc74584868931!8m2!3d25.6808189!4d94.6232214?authuser=0&hl=en&rclk=1
"Football Ground, Pangti",Gym,"786C+HXC, Pangti, Nagaland 797100, India","https://www.google.co.kr/maps/place/Football+Ground,+Pangti/data=!4m5!3m4!1s0x374655781cd1c8eb:0xca45381b2565a43f!8m2!3d26.2614476!4d94.3223835?authuser=0&hl=en&rclk=1"
A1 Powerplay Astroturf,Gym,"VQJ5+6XX, 3rd Mile, Dimapur, Nagaland 797115, India",https://www.google.co.kr/maps/place/A1+Powerplay+Astroturf/data=!4m5!3m4!1s0x374609ec0abed2db:0x2a010e90152efa96!8m2!3d25.8806097!4d93.7599782?authuser=0&hl=en&rclk=1
Vekuho (New) Local Ground,Gym,"4G23+7PV, Zunheboto, Nagaland 798619, India",https://www.google.co.kr/maps/place/Vekuho+(New)+Local+Ground/data=!4m5!3m4!1s0x3747b13c823e3097:0x8061cc48d181ef4f!8m2!3d26.1007252!4d94.5042876?authuser=0&hl=en&rclk=1
Dzulhami local ground,Gym,"Chakabama-Mokokchung Rd, Dzulhami, Nagaland 797104, India",https://www.google.co.kr/maps/place/Dzulhami+local+ground/data=!4m5!3m4!1s0x374632d118676201:0x98ca3d0b07c9bb1c!8m2!3d25.8259213!4d94.3904312?authuser=0&hl=en&rclk=1
Badminton Stadium,Gym,"37P5+MQH, Wokha, Nagaland 797111, India",https://www.google.co.kr/maps/place/Badminton+Stadium/data=!4m5!3m4!1s0x37464f3a22f49eb5:0xd53fd6af83240890!8m2!3d26.0866959!4d94.2594735?authuser=0&hl=en&rclk=1
Public Ground,Gym,"VQHP+P55, Kiphire, Nagaland 798611, India",https://www.google.co.kr/maps/place/Public+Ground/data=!4m5!3m4!1s0x3747ebdcb07c4793:0x4b32eba8b6bdfaff!8m2!3d25.8792577!4d94.78549?authuser=0&hl=en&rclk=1
Red rose Beauty Parlor Ayinla,Gym,"NH702B, Tuensang, Nagaland 798612, India",https://www.google.co.kr/maps/place/Red+rose+Beauty+Parlor+Ayinla/data=!4m5!3m4!1s0x37479bee60589277:0xee63650e53b44e9d!8m2!3d26.237492!4d94.8131143?authuser=0&hl=en&rclk=1
Gracepoint Physiotherapy Clinic,Gym,"Suthozu Nagwu village,Phek:, Nagaland, India",https://www.google.co.kr/maps/place/Gracepoint+Physiotherapy+Clinic/data=!4m5!3m4!1s0x37462d51d019ebbf:0x154d038537ab1251!8m2!3d25.7637853!4d94.3743282?authuser=0&hl=en&rclk=1
Prayer Center Wokha,Gym,"37P2+Q66, Wokha, Nagaland 797111, India",https://www.google.co.kr/maps/place/Prayer+Center+Wokha/data=!4m5!3m4!1s0x37464f46479ba2b3:0x5d3650822318b119!8m2!3d26.0869208!4d94.250505?authuser=0&hl=en&rclk=1
North View Hub,Gym,"near Belly Gharam road, Kohima, Nagaland 797003, India",https://www.google.co.kr/maps/place/North+View+Hub/data=!4m5!3m4!1s0x37462179ff758deb:0xde23ce34630d04e4!8m2!3d25.688039!4d94.1154937?authuser=0&hl=en&rclk=1
SARS Watershade & Biodiversity Garden,Gym,"CH2X+G3M, Yisemyong, Nagaland 798614, India",https://www.google.co.kr/maps/place/SARS+Watershade+%26+Biodiversity+Garden/data=!4m5!3m4!1s0x374709f29f558db9:0x696e68576dcbc566!8m2!3d26.4013421!4d94.5976868?authuser=0&hl=en&rclk=1
Scouts Training Centre,Gym,"Q39M+Q2W, Kohima, Nagaland 797105, India",https://www.google.co.kr/maps/place/Scouts+Training+Centre/data=!4m5!3m4!1s0x374622964c3847db:0x73141bb1fb1b8774!8m2!3d25.769495!4d94.08257?authuser=0&hl=en&rclk=1
Badminton Stadium,Gym,"RQXW+M27, Kiphire, Nagaland 798611, India",https://www.google.co.kr/maps/place/Badminton+Stadium/data=!4m5!3m4!1s0x3747e9414cccccc5:0x4aaad874d1661bc4!8m2!3d25.8491673!4d94.7950528?authuser=0&hl=en&rclk=1
DBHSS Football Ground,Gym,"4726+47C, DBHSS, Wokha, Nagaland 797111, India",https://www.google.co.kr/maps/place/DBHSS+Football+Ground/data=!4m5!3m4!1s0x37464f16f16ea53b:0xea9fe788b91f1fd8!8m2!3d26.1003205!4d94.2606344?authuser=0&hl=en&rclk=1
Badminton Hall,Gym,"X6H5+393, Tesophenyu, Nagaland 797109, India",https://www.google.co.kr/maps/place/Badminton+Hall/data=!4m5!3m4!1s0x37463873c3f2b8b9:0x584d499024661ca6!8m2!3d25.9776311!4d94.2084185?authuser=0&hl=en&rclk=1
Muscle And Fitness Gym Dimapur,Gymnasium Cz,"DMC Offices, opposite Dimapur, West Yard Colony, Marwari Patti, Dimapur, Nagaland 797112, India",https://www.google.co.kr/maps/place/Muscle+And+Fitness+Gym+Dimapur/data=!4m5!3m4!1s0x3745e166a86d48e9:0xb2fe48986a67d527!8m2!3d25.9045526!4d93.7260202?authuser=0&hl=en&rclk=1
Kato fitness corner,Gym,"VQV2+PJG, 2 ½ Mile, Dimapur, Nagaland 797112, India",https://www.google.co.kr/maps/place/Kato+fitness+corner/data=!4m5!3m4!1s0x374609283105a8a3:0x9d13ecb502665022!8m2!3d25.8943224!4d93.751592?authuser=0&hl=en&rclk=1
Indoor Badminton Stadium,Gym,"Mokokchung, Kumlong, Mokokchung, Nagaland 798601, India",https://www.google.co.kr/maps/place/Indoor+Badminton+Stadium/data=!4m5!3m4!1s0x3747a9b8226eccbb:0x30e7ed0083ac0b96!8m2!3d26.3235341!4d94.510457?authuser=0&hl=en&rclk=1
A1 Dance & Fitness Nagaland,Training centre,"Purana Bazar, Dimapur, Nagaland 797112, India",https://www.google.co.kr/maps/place/A1+Dance+%26+Fitness+Nagaland/data=!4m5!3m4!1s0x37460b68c1b4f465:0x6dd18ee7bfb6a238!8m2!3d25.9130825!4d93.7459031?authuser=0&hl=en&rclk=1
Community Hall,Gym,"9GWM+427, Mopungchuket, Nagaland 798615, India",https://www.google.co.kr/maps/place/Community+Hall/data=!4m5!3m4!1s0x3747064d4b97920b:0xfcf52f1973a9aa0b!8m2!3d26.3952967!4d94.532544?authuser=0&hl=en&rclk=1
Fitness point,Gym,"2Q78+W8F, Sukhanjan, Assam 782480, India",https://www.google.co.kr/maps/place/Fitness+point/data=!4m5!3m4!1s0x37467558183de35f:0xf6d4d7d8426b2a3e!8m2!3d26.0148163!4d93.7657909?authuser=0&hl=en&rclk=1
"Public Ground, Yaongyimchen",Gym,"GP6H+P3M, Nagaland 798625, India","https://www.google.co.kr/maps/place/Public+Ground,+Yaongyimchen/data=!4m5!3m4!1s0x37470dcbdd844ce5:0xb58cca95e8a4007b!8m2!3d26.5118349!4d94.727665?authuser=0&hl=en&rclk=1"
"Golf Course, Chieswama",Gym,"Nagaland 797105, India","https://www.google.co.kr/maps/place/Golf+Course,+Chieswama/data=!4m5!3m4!1s0x374619bcf37259a5:0xb842324bec16603a!8m2!3d25.7438928!4d94.0664917?authuser=0&hl=en&rclk=1"
JP UNISEX FITNESS CENTRE MERAPANI,Fitness center,"Tractor Ali, Golaghat, Assam 785705, India",https://www.google.co.kr/maps/place/JP+UNISEX+FITNESS+CENTRE+MERAPANI/data=!4m5!3m4!1s0x37465f92e874f495:0xee3a5bfe6daa4985!8m2!3d26.3200325!4d94.0911228?authuser=0&hl=en&rclk=1
IRONHOUSE Gym,Gym,"Deberapara village, Nakachari, Assam 785635, India",https://www.google.co.kr/maps/place/IRONHOUSE+Gym/data=!4m5!3m4!1s0x37471fcf80706105:0xdc98f58f933aa390!8m2!3d26.6931948!4d94.4101757?authuser=0&hl=en&rclk=1
Muscle On Gym,Physical fitness program,"Near, Thana Road, Bokajan, Assam 782480, India",https://www.google.co.kr/maps/place/Muscle+On+Gym/data=!4m5!3m4!1s0x37467519f2dbf495:0x94cfedd79a34e2e1!8m2!3d26.0243027!4d93.7691319?authuser=0&hl=en&rclk=1
Jenith fitness club,Gym,"SH 1, Bangmuria Konwar, Assam 785686, India",https://www.google.co.kr/maps/place/Jenith+fitness+club/data=!4m5!3m4!1s0x374749af2e8e2aef:0x6d3ab01d2d6d51fe!8m2!3d26.9247169!4d94.7860187?authuser=0&hl=en&rclk=1
Multi Purpose Indoor Stadium,Gym,"8GF6+7GP, Kumlong, Mokokchung, Nagaland 798601, India",https://www.google.co.kr/maps/place/Multi+Purpose+Indoor+Stadium/data=!4m5!3m4!1s0x3747a9b78e89fb91:0x9754202ffa5c5f1e!8m2!3d26.3232094!4d94.5113134?authuser=0&hl=en&rclk=1
Kitami Village Playground,Gym,"X8J8+P7R, Kohima, Nagaland 797109, India",https://www.google.co.kr/maps/place/Kitami+Village+Playground/data=!4m5!3m4!1s0x37464a01e0e6fb4d:0xadd1a67a8a8e3423!8m2!3d25.9818512!4d94.3156512?authuser=0&hl=en&rclk=1
Yangzitong Public Ground,Gym,"XM24+6X9, Kiphire, Nagaland 798611, India",https://www.google.co.kr/maps/place/Yangzitong+Public+Ground/data=!4m5!3m4!1s0x3747c0ba49cd0505:0x7ae40b119adc7e40!8m2!3d25.9505469!4d94.6574751?authuser=0&hl=en&rclk=1
Basket Ball Court,Gym,"Old Town, Zunheboto, India",https://www.google.co.kr/maps/place/Basket+Ball+Court/data=!4m5!3m4!1s0x3747b707cc465c01:0x741bd16d12c4e5af!8m2!3d26.0206046!4d94.5306483?authuser=0&hl=en&rclk=1
Indoor Stadium,Gym,"Amphoto, India",https://www.google.co.kr/maps/place/Indoor+Stadium/data=!4m5!3m4!1s0x3747b64eb0ecd8ed:0x65838ec2039e37c1!8m2!3d26.0013439!4d94.5151837?authuser=0&hl=en&rclk=1
Universal Flex Gym,Gym,"Sonapur, Rajadhap, Sonari, Assam 785690, India",https://www.google.co.kr/maps/place/Universal+Flex+Gym/data=!4m5!3m4!1s0x3747545051a3d84b:0x1ba432583ad9f924!8m2!3d27.0280144!4d95.0312498?authuser=0&hl=en&rclk=1
Barpathar Gym,Gym,"7VGW+GV7, Kalyani Para, Barpathar, Assam 785602, India",https://www.google.co.kr/maps/place/Barpathar+Gym/data=!4m5!3m4!1s0x37467ca8eb564963:0x7ba8bde31f26d8d9!8m2!3d26.27628!4d93.8971577?authuser=0&hl=en&rclk=1
BMG Fitness Club,Gym,"F43P+RP2, Borholla, Assam 785631, India",https://www.google.co.kr/maps/place/BMG+Fitness+Club/data=!4m5!3m4!1s0x3746f5acde151f01:0x2662da3a04c657d!8m2!3d26.4545172!4d94.1367653?authuser=0&hl=en&rclk=1
Nakachari Stadium Gym,Gym,"No.163 Grant, Assam 785635, India",https://www.google.co.kr/maps/place/Nakachari+Stadium+Gym/data=!4m5!3m4!1s0x3746e16e17b27e19:0x34701e480b1b304a!8m2!3d26.7080979!4d94.3930641?authuser=0&hl=en&rclk=1
Ahom Gym,Gym,"XRXP+X5W, Dihingia Konwar, Assam 785688, India",https://www.google.co.kr/maps/place/Ahom+Gym/data=!4m5!3m4!1s0x37474c212161c5e1:0xbe2adfc268e9024b!8m2!3d26.9999922!4d94.8354435?authuser=0&hl=en&rclk=1
Elite fitness gym,Gym,"Dhodar Ali Rd, Ward No- 4, Nazira, Assam 785685, India",https://www.google.co.kr/maps/place/Elite+fitness+gym/data=!4m5!3m4!1s0x374749e1b6f19ccb:0xa654c2bed046a6ef!8m2!3d26.9121805!4d94.7319826?authuser=0&hl=en&rclk=1
Fitness-YES GYM CLUB,Gym,"Dikshu,Gym Complex, near Dikshu High School, Namti Chariali, Assam 785684, India",https://www.google.co.kr/maps/place/Fitness-YES+GYM+CLUB/data=!4m5!3m4!1s0x37473b405bf7962d:0x545459690301ddce!8m2!3d26.870841!4d94.6122606?authuser=0&hl=en&rclk=1
Ultimate Fitness Zone,Gym,"silarai path rd ,ward no 11 , sonari, near B. P. B. M. H. S SCHOOL, Sonari, India",https://www.google.co.kr/maps/place/Ultimate+Fitness+Zone/data=!4m5!3m4!1s0x3747554b4c3d31cd:0x5e7ebed18c15798d!8m2!3d27.027897!4d95.0316377?authuser=0&hl=en&rclk=1
Titabar fitness club,Gym,"Titabar Block Development Office,, Titabor, Assam, India",https://www.google.co.kr/maps/place/Titabar+fitness+club/data=!4m5!3m4!1s0x3746ef08899b48eb:0x979985cdef56cfa8!8m2!3d26.5966052!4d94.2035043?authuser=0&hl=en&rclk=1
AKG Fitness Hub,Gym,"Rly Qtr T/47/C Kalibari Road Ward No. 03, Mariani, Assam 785634, India",https://www.google.co.kr/maps/place/AKG+Fitness+Hub/data=!4m5!3m4!1s0x3746e7f0c2bd1d69:0xd575b8bc491dbacc!8m2!3d26.6524144!4d94.3119837?authuser=0&hl=en&rclk=1
body flex gym,Gymnastics club,"10, Dhodar Ali Rd, Ward No- 4, Nazira, Assam 785685, India",https://www.google.co.kr/maps/place/body+flex+gym/data=!4m5!3m4!1s0x3747497f52141207:0x45b54de0fa435134!8m2!3d26.9142993!4d94.7339557?authuser=0&hl=en&rclk=1
Ultimate Fitness Gym,Gym,"Naharbari Grant, Assam 785634, India",https://www.google.co.kr/maps/place/Ultimate+Fitness+Gym/data=!4m5!3m4!1s0x3746e14cc14f3b75:0xefbdbfad41da2279!8m2!3d26.6530979!4d94.3164179?authuser=0&hl=en&rclk=1
ONGC GYM,Gym,"WP8V+J2C, Nazira, Assam 785685, India",https://www.google.co.kr/maps/place/ONGC+GYM/data=!4m5!3m4!1s0x3747480e119a64ff:0x4a3dc5243fb1982e!8m2!3d26.9165741!4d94.742505?authuser=0&hl=en&rclk=1
Purbanchal Fitness Centre,Gym,"NH2, Amguri, Assam 785683, India",https://www.google.co.kr/maps/place/Purbanchal+Fitness+Centre/data=!4m5!3m4!1s0x374725a7423882a3:0x29da4d0c6df63e13!8m2!3d26.8212337!4d94.513499?authuser=0&hl=en&rclk=1
Gym,Fitness center,"KB Rd, Sonari Gaon, Rowriah, Jorhat, Assam 785616, India",https://www.google.co.kr/maps/place/Gym/data=!4m5!3m4!1s0x3746eb366ccd5327:0x2705cb3fd4f3a673!8m2!3d26.6630193!4d94.1353654?authuser=0&hl=en&rclk=1
Nit Nagaland Gym,Gymnasium Cz,"QQQF+546, Dimapur, Nagaland 797103, India",https://www.google.co.kr/maps/place/Nit+Nagaland+Gym/data=!4m5!3m4!1s0x374607c597f76293:0xb37880b76bc02426!8m2!3d25.7879102!4d93.7727566?authuser=0&hl=en&rclk=1
barpathar gym,Gym,"Barpathar Road, Silanijaan, Assam 782470, India",https://www.google.co.kr/maps/place/barpathar+gym/data=!4m5!3m4!1s0x37467cf6cf16cb67:0x6ec2a4160a839980!8m2!3d26.3044233!4d93.87009?authuser=0&hl=en&rclk=1
chao gym balighat,Gym,"Mohan Mansion, Dhodar Ali Rd, Balighaat, Ward No- 4, Garhgaon, Assam 785685, India",https://www.google.co.kr/maps/place/chao+gym+balighat/data=!4m5!3m4!1s0x374749d40376dd93:0x2abd23ca9c09503!8m2!3d26.9268164!4d94.7440024?authuser=0&hl=en&rclk=1
Gold-x Gym,Gym,"WP9Q+99V, Ward No- 4, Borduwar Mukh, Assam 785685, India",https://www.google.co.kr/maps/place/Gold-x+Gym/data=!4m5!3m4!1s0x374749a63581d509:0xbffdd0a62fd070b9!8m2!3d26.918476!4d94.7384243?authuser=0&hl=en&rclk=1
Rongpur Gym Simaluguri,Gym,"WQC3+MQW, Ramu Gaon, Assam 785686, India",https://www.google.co.kr/maps/place/Rongpur+Gym+Simaluguri/data=!4m5!3m4!1s0x374749f4bfb6ccef:0x6d49958a7fa979f1!8m2!3d26.9217315!4d94.7544552?authuser=0&hl=en&rclk=1
K2 FITNESS CLUB,Gym,"72GG+4WH, Senapati, Manipur 795106, India",https://www.google.co.kr/maps/place/K2+FITNESS+CLUB/data=!4m5!3m4!1s0x3748bfaa38696b3b:0x6d5b09a135cdc62b!8m2!3d25.2753036!4d94.027372?authuser=0&hl=en&rclk=1
Ultimate fitness zone,Gym,"Unnamed Road, Sonari, Assam 785690, India",https://www.google.co.kr/maps/place/Ultimate+fitness+zone/data=!4m5!3m4!1s0x374755d4e9170b81:0x2bdea9fdfd0aabdb!8m2!3d27.024473!4d95.0138854?authuser=0&hl=en&rclk=1
360 Degree Fitness studio,Gym,"Hanhchara, Assam 785112, India",https://www.google.co.kr/maps/place/360+Degree+Fitness+studio/data=!4m5!3m4!1s0x374726a0e74c444f:0x1b7d10b7f4692f69!8m2!3d26.8396111!4d94.4777362?authuser=0&hl=en&rclk=1
Proyajan Fitness Centre,Gym,"Cinamara -Titabor - Nagabat Rd, Baghmora Gaon, Assam 785004, India",https://www.google.co.kr/maps/place/Proyajan+Fitness+Centre/data=!4m5!3m4!1s0x3746e7b78a0f65fb:0xdd877dc9c0281341!8m2!3d26.6934632!4d94.2344936?authuser=0&hl=en&rclk=1
FIT FACTOR,Gym,"Tulasi Narayan Sharma Path, Malow Ali, Jorhat, Assam 785001, India",https://www.google.co.kr/maps/place/FIT+FACTOR/data=!4m5!3m4!1s0x3746c36e78fd1051:0x302d5f6f60498645!8m2!3d26.7633386!4d94.2042662?authuser=0&hl=en&rclk=1
REPS Fitness Centre,Gym,"Q647+5XF, Babupatty, Jorhat, Assam 785001, India",https://www.google.co.kr/maps/place/REPS+Fitness+Centre/data=!4m5!3m4!1s0x3746c32eb0273c83:0xd24041e8b37368b9!8m2!3d26.755426!4d94.2149121?authuser=0&hl=en&rclk=1
Jamuguri Powerhouse Gym,Boxing gym,"9XP7+MMM, Jamuguri, Oating Grant, Assam 785603, India",https://www.google.co.kr/maps/place/Jamuguri+Powerhouse+Gym/data=!4m5!3m4!1s0x374689c0ed12f237:0xd76592b8a0810128!8m2!3d26.3867075!4d93.9641618?authuser=0&hl=en&rclk=1
Loknath Gym,Gym,"Naharbari Grant, Assam 785634, India",https://www.google.co.kr/maps/place/Loknath+Gym/data=!4m5!3m4!1s0x3746e6b30e581d83:0x6e165ff11b032147!8m2!3d26.6530096!4d94.3133208?authuser=0&hl=en&rclk=1
Cafe Gossip,·₩₩,"Circular Rd, Fellowship Colony, Dimapur, Nagaland 797112, India",https://www.google.co.kr/maps/place/Cafe+Gossip/data=!4m5!3m4!1s0x3745e191af28abf5:0x7e0150f31b311bb2!8m2!3d25.9137039!4d93.7160212?authuser=0&hl=en&rclk=1
K Fitness Gym +,Gym,"Na-Ali, Dohabora Chowk, Near Jorhat Law College Jorhat Law College Chariali, Assam 785001, India",https://www.google.co.kr/maps/place/K+Fitness+Gym+%2B/data=!4m5!3m4!1s0x3746c28d396125b5:0x5bc37f8926caf59!8m2!3d26.7490975!4d94.2127157?authuser=0&hl=en&rclk=1
Dipu GYM,Gymnastics club,"M838+87W, Naharbari Grant, Assam 785634, India",https://www.google.co.kr/maps/place/Dipu+GYM/data=!4m5!3m4!1s0x3746e1d8aa19d595:0xc4b35e14e658bb29!8m2!3d26.6533683!4d94.3156929?authuser=0&hl=en&rclk=1
SKAARS FITNESS FOR MEN AND WOMEN,Gym,"KB Rd, Sonari Gaon, Assam 785616, India",https://www.google.co.kr/maps/place/SKAARS+FITNESS+FOR+MEN+AND+WOMEN/data=!4m5!3m4!1s0x3746ebbca072a53d:0xd2b7bb74e42ec946!8m2!3d26.6628799!4d94.1353695?authuser=0&hl=en&rclk=1
S&S fitness,Gym,"Assam Trunk Rd, Bhagamukh, Teok, Assam 785112, India",https://www.google.co.kr/maps/place/S%26S+fitness/data=!4m5!3m4!1s0x37472776504dc29f:0x1bc10bd21549db5e!8m2!3d26.8327663!4d94.4186911?authuser=0&hl=en&rclk=1
K Fitness Gym,Gym,"1st Floor, Upasana Building, Jail Road, near KG Nursing Home, Nandanpur, Jorhat, Assam 785001, India",https://www.google.co.kr/maps/place/K+Fitness+Gym/data=!4m5!3m4!1s0x3746c297d458663f:0xc399ea8fa7a301f7!8m2!3d26.748378!4d94.202601?authuser=0&hl=en&rclk=1
APM HEALTH GYM,Gym,"Charigaon-Nimati Rd, Koibortta Gaon, Assam 785101, India",https://www.google.co.kr/maps/place/APM+HEALTH+GYM/data=!4m5!3m4!1s0x3746dd59b73e874d:0xde873fc9e4e2dec0!8m2!3d26.8207409!4d94.2415441?authuser=0&hl=en&rclk=1
Joonak fitness club,Gym,"Hatighuli Rd, No.2 Mout Ghar Pholia, Assam 785664, India",https://www.google.co.kr/maps/place/Joonak+fitness+club/data=!4m5!3m4!1s0x374729578d346529:0xc65db2808bf5af1c!8m2!3d26.9363413!4d94.4728178?authuser=0&hl=en&rclk=1
FITNESS WORLD,Gym,"Magistrate Colony, Golaghat, Assam 785621, India",https://www.google.co.kr/maps/place/FITNESS+WORLD/data=!4m5!3m4!1s0x37468f0af51f500b:0x9586c2c7efdc0e42!8m2!3d26.5147851!4d93.9643988?authuser=0&hl=en&rclk=1
the dazzle's gym,Gym,"JEC Rd, Garmur, Jorhat, Assam 785007, India",https://www.google.co.kr/maps/place/the+dazzle's+gym/data=!4m5!3m4!1s0x3746dd396483b587:0x42a7e5adeeca9c8e!8m2!3d26.7464735!4d94.2528503?authuser=0&hl=en&rclk=1
Health Line Gym,Gym,"Mithapukhuri Rd, Babupatty, Jorhat, Assam 785001, India",https://www.google.co.kr/maps/place/Health+Line+Gym/data=!4m5!3m4!1s0x3746c3648071b65f:0xfe5d54f98e82d72b!8m2!3d26.7580887!4d94.212306?authuser=0&hl=en&rclk=1
Tiger 37 Gym,Gym,"RCJ8+56W, Teok, Assam 785112, India",https://www.google.co.kr/maps/place/Tiger+37+Gym/data=!4m5!3m4!1s0x37472772813c446d:0x358ab1c353ffd6d5!8m2!3d26.830489!4d94.4155795?authuser=0&hl=en&rclk=1
Multi Gym,Gym,"Dichoi Nagar Rd, Potiagaon, Assam 785101, India",https://www.google.co.kr/maps/place/Multi+Gym/data=!4m5!3m4!1s0x3746c3a5d9d314bf:0x58bac2cfa11c500!8m2!3d26.7883875!4d94.2139398?authuser=0&hl=en&rclk=1
Golden Fitness Center,Gymnastics center,"Q687+Q9W, Rajamaidam, New Colony, Jorhat, Assam 785001, India",https://www.google.co.kr/maps/place/Golden+Fitness+Center/data=!4m5!3m4!1s0x3746c2ebc78ea565:0xa9e90946eb94043b!8m2!3d26.7669937!4d94.2134456?authuser=0&hl=en&rclk=1
RHINO BODY FLEX,Gym,"Dhodar Ali Road, Balighaat, Borkola Gorh Gaon, Assam 785685, India",https://www.google.co.kr/maps/place/RHINO+BODY+FLEX/data=!4m5!3m4!1s0x3747481726d14803:0xd0bd6a784559d8e6!8m2!3d26.9246303!4d94.7405044?authuser=0&hl=en&rclk=1
the dazzle's gym,Gym,"Garmur, Jorhat, Assam 785007, India",https://www.google.co.kr/maps/place/the+dazzle's+gym/data=!4m5!3m4!1s0x3746dd2d778b9fbd:0xf0893e61a2e2d029!8m2!3d26.7515395!4d94.2353764?authuser=0&hl=en&rclk=1
S. D. Fitness Center,Gym,"Nirmal Chari Ali, Assam Trunk Rd, Jorhat, Assam 785001, India",https://www.google.co.kr/maps/place/S.+D.+Fitness+Center/data=!4m5!3m4!1s0x3746c3fcec2ab1b5:0xd45b0c0f63b65ed!8m2!3d26.7610446!4d94.2135026?authuser=0&hl=en&rclk=1
Avita Gym,Gym,"Mithapukhuri Rd, Babupatty, Jorhat, Assam 785001, India",https://www.google.co.kr/maps/place/Avita+Gym/data=!4m5!3m4!1s0x3746c2c00c798ca3:0x3d3aca4d4043bb14!8m2!3d26.7582853!4d94.2139314?authuser=0&hl=en&rclk=1
Muscle & fitness Gym,Gym,"Na Ali, Barbheta, Jorhat, Assam 785001, India",https://www.google.co.kr/maps/place/Muscle+%26+fitness+Gym/data=!4m5!3m4!1s0x3746c37a27f20861:0x5fd85903ed1e0392!8m2!3d26.7452271!4d94.212876?authuser=0&hl=en&rclk=1
Do The Gym,Gym,"Magistrate Colony, Golaghat, Assam 785621, India",https://www.google.co.kr/maps/place/Do+The+Gym/data=!4m5!3m4!1s0x37468e5d952b77e5:0x19dba6aa1eb06d39!8m2!3d26.5134469!4d93.9663042?authuser=0&hl=en&rclk=1
Najuwan Fitness Center,Gym,"Q693+FHV, Rosendra Nagar, Macharhaat, Jorhat, Assam 785001, India",https://www.google.co.kr/maps/place/Najuwan+Fitness+Center/data=!4m5!3m4!1s0x3746c3f7de5f1765:0x6372ece8a78f710d!8m2!3d26.7687433!4d94.2039121?authuser=0&hl=en&rclk=1
AB FITNESS GYM,Gym,"Q8XG+6FV, Dagar Chowk, Assam 785700, India",https://www.google.co.kr/maps/place/AB+FITNESS+GYM/data=!4m5!3m4!1s0x3746dfefd0a5675b:0xaccf9a5389b36030!8m2!3d26.7981171!4d94.3261574?authuser=0&hl=en&rclk=1
N Fitness Gym,Gym,"Bijoynagar Rajabari, near Budha Mandir, Jorhat, Assam 785001, India",https://www.google.co.kr/maps/place/N+Fitness+Gym/data=!4m5!3m4!1s0x3746c336b5b6bf27:0x6d64f67e099bd491!8m2!3d26.7652207!4d94.166734?authuser=0&hl=en&rclk=1
MPB Gym,Gym,"GX8F+98C, Golaghat, Assam 785621, India",https://www.google.co.kr/maps/place/MPB+Gym/data=!4m5!3m4!1s0x37468e65c3143f2f:0x72df5e437509090d!8m2!3d26.5159289!4d93.9732689?authuser=0&hl=en&rclk=1
Unisex Gym,Gym,"Ganakpatty Rd, Sivasagar, Assam 785640, India",https://www.google.co.kr/maps/place/Unisex+Gym/data=!4m5!3m4!1s0x37473148de9a24bf:0x5ace635b4adff7c0!8m2!3d26.9845069!4d94.6369976?authuser=0&hl=en&rclk=1
Lucky Fitness Center,Gym,"P6G7+Q6C, Barbheta, Jorhat, Assam 785008, India",https://www.google.co.kr/maps/place/Lucky+Fitness+Center/data=!4m5!3m4!1s0x3746e8189f049273:0x6b3467847f8ad445!8m2!3d26.7269379!4d94.2130265?authuser=0&hl=en&rclk=1
J Fitness,Gym,"XJQR+8H7, Sivasagar, Assam 785640, India",https://www.google.co.kr/maps/place/J+Fitness/data=!4m5!3m4!1s0x374731f618ecdd2d:0x99afc094900202f9!8m2!3d26.988292!4d94.6414336?authuser=0&hl=en&rclk=1
Beyond Animal Fitness Club,Fitness center,"AT Road Charigaon Kenduguri, Jorhat, Assam 785010, India",https://www.google.co.kr/maps/place/Beyond+Animal+Fitness+Club/data=!4m5!3m4!1s0x3746dd24f8a316d3:0xb755e7cab25d5cdb!8m2!3d26.7717201!4d94.2465087?authuser=0&hl=en&rclk=1
Naba Apartment,Gym,"C3PV+QF7, Mokreng Habi, Assam 785631, India",https://www.google.co.kr/maps/place/Naba+Apartment/data=!4m5!3m4!1s0x3746f4943d26c1a1:0x18f073bf5203e43c!8m2!3d26.4369014!4d94.0936799?authuser=0&hl=en&rclk=1
Power House gym,Gym,"Charingia Gaon, Jorhat, Assam 785006, India",https://www.google.co.kr/maps/place/Power+House+gym/data=!4m5!3m4!1s0x3746eb399e6a4d21:0x35af9d1467bc1ab8!8m2!3d26.7345384!4d94.1407108?authuser=0&hl=en&rclk=1
RAW Fitness Gym,Gym,"Q5HX+383, Sarbaibondha, Jorhat, Assam 785001, India",https://www.google.co.kr/maps/place/RAW+Fitness+Gym/data=!4m5!3m4!1s0x3746c3335c7caf55:0xf8790f603b64db3b!8m2!3d26.7776444!4d94.1982998?authuser=0&hl=en&rclk=1
GYM,Gym,"SH 31, Cinnamara, Jorhat CD Block Part, Assam 785008, India",https://www.google.co.kr/maps/place/GYM/data=!4m5!3m4!1s0x3746e93cfe7fb069:0x5cb02b304d357daa!8m2!3d26.7125395!4d94.233303?authuser=0&hl=en&rclk=1
D.R. College Gymnasium,Gym,"GXFG+2WR, Golaghat, Assam 785621, India",https://www.google.co.kr/maps/place/D.R.+College+Gymnasium/data=!4m5!3m4!1s0x37468e6e1b69bd53:0xd83862c540c8300c!8m2!3d26.5226009!4d93.9772654?authuser=0&hl=en&rclk=1
PERFECT FITNESS ZONE,Gym,"Nimati road, Bahona, Assam 785101, India",https://www.google.co.kr/maps/place/PERFECT+FITNESS+ZONE/data=!4m5!3m4!1s0x3746dd480d156329:0xbb49423a98edd39d!8m2!3d26.8099038!4d94.2410415?authuser=0&hl=en&rclk=1
Brahma Kumari Campus,Gym,"Moran - Sonari Rd, Sonari, Assam 785690, India",https://www.google.co.kr/maps/place/Brahma+Kumari+Campus/data=!4m5!3m4!1s0x374754518b7cc2a7:0x1a17a823b7d8e6d2!8m2!3d27.0273489!4d95.0127332?authuser=0&hl=en&rclk=1
Power Factory,Gym,"4th floor, Crystal SR Plaza, Gar-Ali, Jorhat, Assam 785001, India",https://www.google.co.kr/maps/place/Power+Factory/data=!4m5!3m4!1s0x3746c3b1b1f7f287:0x65efb02a55152fb4!8m2!3d26.7566!4d94.2152864?authuser=0&hl=en&rclk=1
GOLD'S GYM JORHAT,Gym,"4th Floor R.D Complex, KB Rd, DOHABORA, Jorhat, Assam 785001, India",https://www.google.co.kr/maps/place/GOLD'S+GYM+JORHAT/data=!4m5!3m4!1s0x3746c2958db35bc1:0x5cf2258d4c573462!8m2!3d26.7538515!4d94.2125046?authuser=0&hl=en&rclk=1
TITAN GYM,Gym,"Dangoria ali, Kopora Dhora Gaon, Assam 785700, India",https://www.google.co.kr/maps/place/TITAN+GYM/data=!4m5!3m4!1s0x3746dc364a110643:0xa38d6100cc5a81c!8m2!3d26.7819148!4d94.2974547?authuser=0&hl=en&rclk=1
Sun Health Club,Gym,"railway godown road, near rail station, Jorhat, Assam 785001, India",https://www.google.co.kr/maps/place/Sun+Health+Club/data=!4m5!3m4!1s0x3746c2bc0752c999:0x9930bbf45e9ec98c!8m2!3d26.7516043!4d94.2179117?authuser=0&hl=en&rclk=1
TORANICHUK GARI GOAN SRI SRI SIVMONDIR,Gym,"72WQ+Q2X, Assam 785603, India",https://www.google.co.kr/maps/place/TORANICHUK+GARI+GOAN+SRI+SRI+SIVMONDIR/data=!4m5!3m4!1s0x374661048690fadd:0xd87ad168f650789a!8m2!3d26.296982!4d94.0376214?authuser=0&hl=en&rclk=1
OLYMPUS GYM,Gym,"Sivasagar, Assam 785640, India",https://www.google.co.kr/maps/place/OLYMPUS+GYM/data=!4m5!3m4!1s0x3747314c4bf7459b:0xf94fcc0a415e6d93!8m2!3d26.9881979!4d94.6414661?authuser=0&hl=en&rclk=1
PB Multi Gym,Gym,"M5CX+PR6, Uttar Hatichungi, Assam 785004, India",https://www.google.co.kr/maps/place/PB+Multi+Gym/data=!4m5!3m4!1s0x3746e8e448fef9dd:0x1e6b74c1ed7e2371!8m2!3d26.6717951!4d94.1995105?authuser=0&hl=en&rclk=1
Ronghar Gym,Gym,"XJ4C+MC2, Jayanagar, Joysagar, Dicial Dhulia Gaon, Assam 785640, India",https://www.google.co.kr/maps/place/Ronghar+Gym/data=!4m5!3m4!1s0x374731dd54f92037:0xb02896af709a4a48!8m2!3d26.9566445!4d94.6210187?authuser=0&hl=en&rclk=1
Rough Fitness Gym,Gym,"Q648+5J7, Gar-Ali, Jorhat, Assam 785001, India",https://www.google.co.kr/maps/place/Rough+Fitness+Gym/data=!4m5!3m4!1s0x3746c2bf18a22f53:0x263eb8094f6e482b!8m2!3d26.7554005!4d94.2165432?authuser=0&hl=en&rclk=1
IRON Fitness centre,Gym,"Thana Road, Babupatty, Jorhat, Assam 785001, India",https://www.google.co.kr/maps/place/IRON+Fitness+centre/data=!4m5!3m4!1s0x3746c341f0cf5661:0xe23bd29024d0645e!8m2!3d26.7554595!4d94.2141193?authuser=0&hl=en&rclk=1
Gymnesium,Gym,"P5FX+JX2, Barbheta, Jorhat MB and OG Part, Assam 785013, India",https://www.google.co.kr/maps/place/Gymnesium/data=!4m5!3m4!1s0x3746e9ee58577793:0xe374104f34484935!8m2!3d26.7240029!4d94.1999004?authuser=0&hl=en&rclk=1
Loknath Health Centre,Gym,"Doloo Rd, Gandhi Nagar, Mariani, Assam 785634, India",https://www.google.co.kr/maps/place/Loknath+Health+Centre/data=!4m5!3m4!1s0x3746e6b39ed73c15:0x1ff81e31eccc7be8!8m2!3d26.6515709!4d94.3282595?authuser=0&hl=en&rclk=1
"Optimus Prime Fitness GYM , Mohbondha",Gym,"Mohbondha, to, Kaziranga Golf Resort road, Mohbondha, Satria Gaon, Assam 785616, India","https://www.google.co.kr/maps/place/Optimus+Prime+Fitness+GYM+,+Mohbondha/data=!4m5!3m4!1s0x3746eb958a5cf5eb:0xd7f86eb8a5642cc4!8m2!3d26.7009545!4d94.0914621?authuser=0&hl=en&rclk=1"
Body Art,Gym,"K.B. Road,Opposite Sbi Gar Ali Branch, Jorhat, Assam 785001, India",https://www.google.co.kr/maps/place/Body+Art/data=!4m5!3m4!1s0x3746c28541faef5f:0x8ce019337dd74ac6!8m2!3d26.7454158!4d94.2013376?authuser=0&hl=en&rclk=1
WORKOUT ZONE GYM,Gym,"KARANGA TNI ALI, Assam 785008, India",https://www.google.co.kr/maps/place/WORKOUT+ZONE+GYM/data=!4m5!3m4!1s0x3746e9e4f13f8dfd:0x3556a9cf03b5031f!8m2!3d26.69331!4d94.2345199?authuser=0&hl=en&rclk=1
Fitness Palace- Raise the Iron,Gym,"HAZARIKA COMPLEX Lachit Bazar A.T, Assam Trunk Rd, Jorhat, Assam 785001, India",https://www.google.co.kr/maps/place/Fitness+Palace-+Raise+the+Iron/data=!4m5!3m4!1s0x3746c390eccd4bef:0x5a5e44d8317e5458!8m2!3d26.7603077!4d94.2104643?authuser=0&hl=en&rclk=1
SPORTS FITNESS CLUB,Gym,"AT Road, Na-Ali Rd, Sivasagar, Assam 785640, India",https://www.google.co.kr/maps/place/SPORTS+FITNESS+CLUB/data=!4m5!3m4!1s0x3747313dd5502ec7:0xffa65591eb58d9c0!8m2!3d26.9736184!4d94.626025?authuser=0&hl=en&rclk=1
Muscle & Fitness,Gym,"Assam Trunk Rd, Kakoti Gaon, Choladhara, Jorhat, Assam 785001, India",https://www.google.co.kr/maps/place/Muscle+%26+Fitness/data=!4m5!3m4!1s0x3746c31824b173bb:0xb1c384aa6e281933!8m2!3d26.7587724!4d94.2050624?authuser=0&hl=en&rclk=1
THE THUM GYM,Fitness center,"Q637+FXQ, DOHABORA, Jorhat, Assam 785001, India",https://www.google.co.kr/maps/place/THE+THUM+GYM/data=!4m5!3m4!1s0x3746c3a13021161d:0x4a6325a362797d14!8m2!3d26.7537213!4d94.2149973?authuser=0&hl=en&rclk=1
International Industries Gym Shop,Gym,"Gar Ali Rd, Babupatty, Jorhat, Assam 785001, India",https://www.google.co.kr/maps/place/International+Industries+Gym+Shop/data=!4m5!3m4!1s0x3746c2bf9e83bb85:0x392bdc76e3764c78!8m2!3d26.7567923!4d94.2152091?authuser=0&hl=en&rclk=1
"Iron Gym, Golaghat Assam",Body shaping class,"opposite Guruduwara, Town, Bengenakhowa, Assam 785621, India","https://www.google.co.kr/maps/place/Iron+Gym,+Golaghat+Assam/data=!4m5!3m4!1s0x37468fbd7d5347ad:0x7e50304e5e438ff0!8m2!3d26.5039614!4d93.9720378?authuser=0&hl=en&rclk=1"
Gold gym,Gym,"Assam Trunk Rd, Bhatiapar, Assam 785697, India",https://www.google.co.kr/maps/place/Gold+gym/data=!4m5!3m4!1s0x374731857911a3c7:0xe15760467a872475!8m2!3d26.9525864!4d94.5710997?authuser=0&hl=en&rclk=1
